id,title,abstract
1,Deep Learning for NLP,"Deep learning methods have revolutionized natural language processing by enabling models to learn complex representations from large datasets."
2,Climate Change Impacts,"Climate change affects global weather patterns, leading to increased frequency of extreme events and long-term shifts in ecosystems."
3,Quantum Computing Advances,"Quantum computing leverages quantum bits to perform computations that are infeasible for classical computers, promising breakthroughs in cryptography and simulation."
4,Renewable Energy Adoption,"The adoption of renewable energy sources such as solar and wind is accelerating due to technological advances and policy incentives."
5,Neural Networks in Vision,"Neural networks have achieved state-of-the-art results in computer vision tasks, including image classification and object detection."
6,Genetic Algorithms in Optimization,"Genetic algorithms mimic natural selection to solve optimization problems by evolving solutions over generations."
7,Blockchain Technology Applications,"Blockchain provides a decentralized ledger for secure transactions, with applications in finance, supply chain, and digital identity."
8,Artificial Intelligence in Healthcare,"AI systems are transforming healthcare by enabling predictive analytics, personalized medicine, and automated diagnostics."
9,Internet of Things Security,"Securing IoT devices is critical due to their widespread deployment and vulnerability to cyberattacks."
10,Machine Translation Progress,"Recent advances in machine translation have improved accuracy and fluency, driven by neural network architectures."
11,Autonomous Vehicles Challenges,"Autonomous vehicles face challenges in perception, decision-making, and safety in complex environments."
12,Big Data Analytics,"Big data analytics enables organizations to extract insights from massive datasets, supporting data-driven decision making."
13,Virtual Reality in Education,"Virtual reality technologies are enhancing educational experiences by providing immersive and interactive learning environments."
14,Social Media Influence,"Social media platforms shape public opinion and behavior, raising concerns about misinformation and privacy."
15,Robotics in Manufacturing,"Robotics has increased efficiency and precision in manufacturing, enabling automation of repetitive tasks."
16,Speech Recognition Systems,"Speech recognition systems have improved dramatically, enabling voice-controlled devices and real-time transcription."
17,Cloud Computing Adoption,"Cloud computing offers scalable resources and flexibility, driving adoption across industries for storage and computation."
18,Data Privacy Regulations,"Data privacy regulations such as GDPR aim to protect user information and ensure responsible data handling."
19,Augmented Reality Applications,"Augmented reality overlays digital information onto the physical world, with applications in gaming, retail, and training."
20,Renewable Energy Storage,"Advances in energy storage technologies are crucial for integrating renewable sources and ensuring grid stability."
